ID,L1_ID,Name,Local_Hub_ID
L2_000,L1_00,Phường Ba Đình,HUB000
L2_001,L1_00,Phường Ngọc Hà,HUB000
L2_002,L1_00,Phường Giảng Võ,HUB000
L2_003,L1_00,Phường Hoàn Kiếm,HUB000
L2_004,L1_00,Phường Cửa Nam,HUB000
L2_005,L1_00,Phường Phú Thượng,HUB000
L2_006,L1_00,Phường Hồng Hà,HUB000
L2_007,L1_00,Phường Tây Hồ,HUB000
L2_008,L1_00,Phường Bồ Đề,HUB000
L2_009,L1_00,Phường Việt Hưng,HUB000
L2_010,L1_00,Phường Phúc Lợi,HUB000
L2_011,L1_00,Phường Long Biên,HUB000
L2_012,L1_00,Phường Nghĩa Đô,HUB000
L2_013,L1_00,Phường Cầu Giấy,HUB000
L2_014,L1_00,Phường Yên Hòa,HUB000
L2_015,L1_00,Phường Ô Chợ Dừa,HUB000
L2_016,L1_00,Phường Láng,HUB000
L2_017,L1_00,Phường Kim Liên,HUB000
L2_018,L1_00,Phường Đống Đa,HUB000
L2_019,L1_00,Phường Hai Bà Trưng,HUB000
L2_020,L1_00,Phường Vĩnh Tuy,HUB000
L2_021,L1_00,Phường Bạch Mai,HUB000
L2_022,L1_00,Phường Vĩnh Hưng,HUB000
L2_023,L1_00,Phường Định Công,HUB000
L2_024,L1_00,Phường Hoàng Mai,HUB000
L2_025,L1_00,Phường Thanh Xuân,HUB000
L2_026,L1_00,Phường Từ Liêm,HUB000
L2_027,L1_00,Phường Hà Đông,HUB000
L2_028,L1_00,Xã Sóc Sơn,HUB000
L2_029,L1_00,Xã Đông Anh,HUB000
L2_030,L1_00,Xã Gia Lâm,HUB000
L2_031,L1_00,Xã Thanh Trì,HUB000
L2_032,L1_00,Xã Mê Linh,HUB000
L2_033,L1_00,Xã Ba Vì,HUB000
L2_034,L1_00,Xã Phúc Thọ,HUB000
L2_035,L1_00,Xã Đan Phượng,HUB000
L2_036,L1_00,Xã Hoài Đức,HUB000
L2_037,L1_00,Xã Quốc Oai,HUB000
L2_038,L1_00,Xã Thạch Thất,HUB000
L2_039,L1_00,Xã Chương Mỹ,HUB000
L2_040,L1_00,Xã Thanh Oai,HUB000
L2_041,L1_00,Xã Thường Tín,HUB000
L2_042,L1_00,Xã Phú Xuyên,HUB000
L2_043,L1_00,Xã Vân Đình,HUB000
L2_044,L1_00,Xã Ứng Hòa,HUB000
L2_045,L1_00,Xã Mỹ Đức,HUB000
L2_046,L1_01,Phường Thục Phán,HUB001
L2_047,L1_01,Phường Nùng Trí Cao,HUB001
L2_048,L1_01,Phường Tân Giang,HUB001
L2_049,L1_01,Xã Bảo Lâm,HUB001
L2_050,L1_01,Xã Lý Bôn,HUB001
L2_051,L1_01,Xã Bảo Lạc,HUB001
L2_052,L1_01,Xã Hà Quảng,HUB002
L2_053,L1_01,Xã Trà Lĩnh,HUB002
L2_054,L1_01,Xã Trùng Khánh,HUB002
L2_055,L1_01,Xã Hạ Lang,HUB001
L2_056,L1_01,Xã Quảng Uyên,HUB002
L2_057,L1_01,Xã Phục Hòa,HUB002
L2_058,L1_01,Xã Hòa An,HUB002
L2_059,L1_01,Xã Nguyên Bình,HUB002
L2_060,L1_01,Xã Thạch An,HUB002
L2_061,L1_02,Phường Hà Giang 1,HUB003
L2_062,L1_02,Phường Nông Tiến,HUB003
L2_063,L1_02,Phường Minh Xuân,HUB003
L2_064,L1_02,Phường Mỹ Lâm,HUB003
L2_065,L1_02,Phường An Tường,HUB003
L2_066,L1_02,Phường Bình Thuận,HUB003
L2_067,L1_02,Xã Quản Bạ,HUB003
L2_068,L1_02,Xã Vị Xuyên,HUB003
L2_069,L1_02,Xã Bắc Mê,HUB003
L2_070,L1_02,Xã Hoàng Su Phì,HUB003
L2_071,L1_02,Xã Xín Mần,HUB003
L2_072,L1_02,Xã Bắc Quang,HUB003
L2_073,L1_02,Xã Quang Bình,HUB003
L2_074,L1_02,Xã Nà Hang,HUB003
L2_075,L1_02,Xã Lâm Bình,HUB003
L2_076,L1_02,Xã Chiêm Hóa,HUB003
L2_077,L1_02,Xã Hàm Yên,HUB003
L2_078,L1_02,Xã Sơn Dương,HUB003
L2_079,L1_03,Phường Điện Biên Phủ,HUB005
L2_080,L1_03,Phường Mường Lay,HUB005
L2_081,L1_03,Phường Mường Thanh,HUB006
L2_082,L1_03,Xã Sín Thầu,HUB004
L2_083,L1_03,Xã Mường Nhé,HUB004
L2_084,L1_03,Xã Nậm Kè,HUB004
L2_085,L1_03,Xã Mường Chà,HUB004
L2_086,L1_03,Xã Tủa Chùa,HUB004
L2_087,L1_03,Xã Tuần Giáo,HUB006
L2_088,L1_03,Xã Mường Ảng,HUB004
L2_089,L1_03,Xã Điện Biên Đông,HUB004
L2_090,L1_04,Phường Đoàn Kết,HUB007
L2_091,L1_04,Phường Tân Phòng,HUB007
L2_092,L1_04,Xã Bình Lư,HUB009
L2_093,L1_04,Xã Sin Suối Hồ,HUB007
L2_094,L1_04,Xã Bản Bo,HUB007
L2_095,L1_04,Xã Nậm Hàng,HUB007
L2_096,L1_04,Xã Mường Tè,HUB009
L2_097,L1_04,Xã Sìn Hồ,HUB009
L2_098,L1_04,Xã Phong Thổ,HUB008
L2_099,L1_04,Xã Than Uyên,HUB009
L2_100,L1_04,Xã Tân Uyên,HUB007
L2_101,L1_05,Phường Tô Hiệu,HUB010
L2_102,L1_05,Phường Chiềng An,HUB010
L2_103,L1_05,Phường Chiềng Cơi,HUB011
L2_104,L1_05,Phường Chiềng Sinh,HUB011
L2_105,L1_05,Phường Mộc Sơn,HUB010
L2_106,L1_05,Phường Mộc Châu,HUB011
L2_107,L1_05,Xã Quỳnh Nhai,HUB010
L2_108,L1_05,Xã Thuận Châu,HUB011
L2_109,L1_05,Xã Mường La,HUB010
L2_110,L1_05,Xã Bắc Yên,HUB011
L2_111,L1_05,Xã Phù Yên,HUB010
L2_112,L1_05,Xã Yên Châu,HUB010
L2_113,L1_05,Xã Mai Sơn,HUB011
L2_114,L1_05,Xã Sông Mã,HUB010
L2_115,L1_06,Phường Trung Tâm Lào Cai,HUB013
L2_116,L1_06,Quận 1,HUB014
L2_117,L1_06,Quận 2,HUB013
L2_118,L1_06,Huyện Ngoại Ô,HUB013
L2_119,L1_07,Phường Đức Xuân,HUB015
L2_120,L1_07,Phường Bắc Kạn,HUB015
L2_121,L1_07,Phường Phan Đình Phùng,HUB015
L2_122,L1_07,Phường Quyết Thắng,HUB015
L2_123,L1_07,Phường Gia Sàng,HUB015
L2_124,L1_07,Phường Quan Triều,HUB015
L2_125,L1_07,Phường Sông Công,HUB015
L2_126,L1_07,Xã Định Hóa,HUB015
L2_127,L1_07,Xã Phú Lương,HUB015
L2_128,L1_07,Xã Võ Nhai,HUB015
L2_129,L1_07,Xã Đồng Hỷ,HUB015
L2_130,L1_07,Xã Đại Từ,HUB015
L2_131,L1_08,Phường Đông Kinh,HUB017
L2_132,L1_08,Phường Lương Văn Tri,HUB017
L2_133,L1_08,Phường Tam Thanh,HUB016
L2_134,L1_08,Phường Kỳ Lừa,HUB017
L2_135,L1_08,Xã Thất Khê,HUB017
L2_136,L1_08,Xã Tràng Định,HUB017
L2_137,L1_08,Xã Bình Gia,HUB017
L2_138,L1_08,Xã Văn Lãng,HUB017
L2_139,L1_08,Xã Cao Lộc,HUB017
L2_140,L1_08,Xã Lộc Bình,HUB017
L2_141,L1_08,Xã Chi Lăng,HUB016
L2_142,L1_08,Xã Hữu Lũng,HUB016
L2_143,L1_09,Phường Hà Tu,HUB019
L2_144,L1_09,Phường Cao Xanh,HUB018
L2_145,L1_09,Phường Việt Hưng,HUB020
L2_146,L1_09,Phường Bãi Cháy,HUB019
L2_147,L1_09,Phường Hà Lầm,HUB019
L2_148,L1_09,Phường Hồng Gai,HUB019
L2_149,L1_09,Phường Hạ Long,HUB018
L2_150,L1_09,Phường Tuần Châu,HUB019
L2_151,L1_09,Phường Móng Cái 1,HUB018
L2_152,L1_09,Xã Hải Hà,HUB020
L2_153,L1_09,Xã Đầm Hà,HUB018
L2_154,L1_09,Xã Tiên Yên,HUB018
L2_155,L1_09,Xã Ba Chẽ,HUB019
L2_156,L1_09,Xã Bình Liêu,HUB018
L2_157,L1_10,Phường Phù Khê,HUB021
L2_158,L1_10,Phường Đồng Nguyên,HUB021
L2_159,L1_10,Phường Thuận Thành,HUB021
L2_160,L1_10,Phường Mão Điền,HUB021
L2_161,L1_10,Phường Trí Quả,HUB021
L2_162,L1_10,Phường Trạm Lộ,HUB021
L2_163,L1_10,Xã Tiên Du,HUB021
L2_164,L1_10,Xã Yên Phong,HUB021
L2_165,L1_10,Xã Quế Võ,HUB021
L2_166,L1_10,Xã Gia Bình,HUB021
L2_167,L1_10,Xã Lương Tài,HUB021
L2_168,L1_11,Phường Tân Hòa,HUB022
L2_169,L1_11,Phường Hòa Bình,HUB022
L2_170,L1_11,Phường Thống Nhất,HUB022
L2_171,L1_11,Phường Kỳ Sơn,HUB022
L2_172,L1_11,Phường Nông Trang,HUB022
L2_173,L1_11,Phường Việt Trì,HUB022
L2_174,L1_11,Phường Thanh Miếu,HUB022
L2_175,L1_11,Phường Phú Thọ,HUB022
L2_176,L1_11,Phường Phong Châu,HUB022
L2_177,L1_11,Xã Đoan Hùng,HUB022
L2_178,L1_11,Xã Hạ Hòa,HUB022
L2_179,L1_11,Xã Thanh Ba,HUB022
L2_180,L1_11,Xã Cẩm Khê,HUB022
L2_181,L1_11,Xã Tam Nông,HUB022
L2_182,L1_11,Xã Thanh Thủy,HUB022
L2_183,L1_11,Xã Lâm Thao,HUB022
L2_184,L1_12,Phường An Biên,HUB023
L2_185,L1_12,Phường Đông Hải,HUB023
L2_186,L1_12,Phường Hải An,HUB023
L2_187,L1_12,Phường Kiến An,HUB023
L2_188,L1_12,Phường Phù Liễn,HUB023
L2_189,L1_12,Phường Đồ Sơn,HUB023
L2_190,L1_12,Phường Bạch Đằng,HUB023
L2_191,L1_12,Phường Lê Ích Mộc,HUB023
L2_192,L1_12,Phường Nam Triệu,HUB023
L2_193,L1_12,Phường Thủy Nguyên,HUB023
L2_194,L1_12,Phường An Dương,HUB023
L2_195,L1_12,Xã Tiên Lãng,HUB023
L2_196,L1_12,Xã Vĩnh Bảo,HUB023
L2_197,L1_12,Xã Kiến Thụy,HUB023
L2_198,L1_13,Phường Phố Hiến,HUB024
L2_199,L1_13,Phường Hồng Châu,HUB024
L2_200,L1_13,Phường Sơn Nam,HUB024
L2_201,L1_13,Phường Mỹ Hào,HUB024
L2_202,L1_13,Phường Thượng Hồng,HUB024
L2_203,L1_13,Phường Đường Hào,HUB024
L2_204,L1_13,Xã Văn Lâm,HUB024
L2_205,L1_13,Xã Yên Mỹ,HUB024
L2_206,L1_13,Xã Văn Giang,HUB024
L2_207,L1_13,Xã Khoái Châu,HUB024
L2_208,L1_13,Xã Kim Động,HUB024
L2_209,L1_13,Xã Ân Thi,HUB024
L2_210,L1_13,Xã Tiên Lữ,HUB024
L2_211,L1_13,Xã Phù Cừ,HUB024
L2_212,L1_14,Phường Nam Hoa Lư,HUB026
L2_213,L1_14,Phường Tam Điệp,HUB026
L2_214,L1_14,Phường Trung Sơn,HUB025
L2_215,L1_14,Phường Yên Sơn,HUB027
L2_216,L1_14,Phường Tây Hoa Lư,HUB025
L2_217,L1_14,Phường Đông Hoa Lư,HUB026
L2_218,L1_14,Xã Nho Quan,HUB027
L2_219,L1_14,Xã Gia Viễn,HUB026
L2_220,L1_14,Xã Hoa Lư,HUB025
L2_221,L1_14,Xã Yên Khánh,HUB026
L2_222,L1_14,Xã Kim Sơn,HUB025
L2_223,L1_14,Xã Yên Mô,HUB027
L2_224,L1_15,Phường Hàm Rồng,HUB030
L2_225,L1_15,Phường Hạc Thành,HUB029
L2_226,L1_15,Phường Bỉm Sơn,HUB028
L2_227,L1_15,Phường Quang Trung,HUB030
L2_228,L1_15,Phường Đông Tiến,HUB030
L2_229,L1_15,Phường Sầm Sơn,HUB030
L2_230,L1_15,Phường Tĩnh Gia,HUB028
L2_231,L1_15,Xã Mường Lát,HUB029
L2_232,L1_15,Xã Quan Hóa,HUB030
L2_233,L1_15,Xã Quan Sơn,HUB028
L2_234,L1_15,Xã Bá Thước,HUB029
L2_235,L1_15,Xã Cẩm Thủy,HUB028
L2_236,L1_15,Xã Ngọc Lặc,HUB029
L2_237,L1_15,Xã Thạch Thành,HUB029
L2_238,L1_15,Xã Hoằng Hóa,HUB030
L2_239,L1_15,Xã Hậu Lộc,HUB028
L2_240,L1_16,Phường Trung Tâm Nghệ An,HUB031
L2_241,L1_16,Quận 1,HUB031
L2_242,L1_16,Quận 2,HUB032
L2_243,L1_16,Huyện Ngoại Ô,HUB032
L2_244,L1_17,Phường Trung Tâm Hà Tĩnh,HUB033
L2_245,L1_17,Quận 1,HUB033
L2_246,L1_17,Quận 2,HUB033
L2_247,L1_17,Huyện Ngoại Ô,HUB033
L2_248,L1_18,Phường Trung Tâm Quảng Trị,HUB034
L2_249,L1_18,Quận 1,HUB036
L2_250,L1_18,Quận 2,HUB036
L2_251,L1_18,Huyện Ngoại Ô,HUB034
L2_252,L1_19,Phường Trung Tâm Huế,HUB038
L2_253,L1_19,Quận 1,HUB038
L2_254,L1_19,Quận 2,HUB037
L2_255,L1_19,Huyện Ngoại Ô,HUB038
L2_256,L1_20,Phường Trung Tâm Đà Nẵng,HUB040
L2_257,L1_20,Quận 1,HUB039
L2_258,L1_20,Quận 2,HUB039
L2_259,L1_20,Huyện Ngoại Ô,HUB039
L2_260,L1_21,Phường Trung Tâm Quảng Ngãi,HUB041
L2_261,L1_21,Quận 1,HUB041
L2_262,L1_21,Quận 2,HUB041
L2_263,L1_21,Huyện Ngoại Ô,HUB041
L2_264,L1_22,Phường Trung Tâm Gia Lai,HUB042
L2_265,L1_22,Quận 1,HUB042
L2_266,L1_22,Quận 2,HUB044
L2_267,L1_22,Huyện Ngoại Ô,HUB043
L2_268,L1_23,Phường Trung Tâm Khánh Hòa,HUB047
L2_269,L1_23,Quận 1,HUB046
L2_270,L1_23,Quận 2,HUB047
L2_271,L1_23,Huyện Ngoại Ô,HUB046
L2_272,L1_24,Phường Trung Tâm Đắk Lắk,HUB048
L2_273,L1_24,Quận 1,HUB048
L2_274,L1_24,Quận 2,HUB048
L2_275,L1_24,Huyện Ngoại Ô,HUB048
L2_276,L1_25,Phường Trung Tâm Lâm Đồng,HUB049
L2_277,L1_25,Quận 1,HUB049
L2_278,L1_25,Quận 2,HUB049
L2_279,L1_25,Huyện Ngoại Ô,HUB049
L2_280,L1_26,Phường Trung Tâm Đồng Nai,HUB052
L2_281,L1_26,Quận 1,HUB050
L2_282,L1_26,Quận 2,HUB052
L2_283,L1_26,Huyện Ngoại Ô,HUB051
L2_284,L1_27,Phường Trung Tâm Hồ Chí Minh,HUB053
L2_285,L1_27,Quận 1,HUB055
L2_286,L1_27,Quận 2,HUB055
L2_287,L1_27,Huyện Ngoại Ô,HUB055
L2_288,L1_28,Phường Trung Tâm Tây Ninh,HUB056
L2_289,L1_28,Quận 1,HUB057
L2_290,L1_28,Quận 2,HUB057
L2_291,L1_28,Huyện Ngoại Ô,HUB057
L2_292,L1_29,Phường Trung Tâm Đồng Tháp,HUB058
L2_293,L1_29,Quận 1,HUB058
L2_294,L1_29,Quận 2,HUB059
L2_295,L1_29,Huyện Ngoại Ô,HUB058
L2_296,L1_30,Phường Trung Tâm Vĩnh Long,HUB060
L2_297,L1_30,Quận 1,HUB060
L2_298,L1_30,Quận 2,HUB060
L2_299,L1_30,Huyện Ngoại Ô,HUB060
L2_300,L1_31,Phường Trung Tâm An Giang,HUB062
L2_301,L1_31,Quận 1,HUB062
L2_302,L1_31,Quận 2,HUB061
L2_303,L1_31,Huyện Ngoại Ô,HUB061
L2_304,L1_32,Phường Trung Tâm Cần Thơ,HUB063
L2_305,L1_32,Quận 1,HUB063
L2_306,L1_32,Quận 2,HUB063
L2_307,L1_32,Huyện Ngoại Ô,HUB064
L2_308,L1_33,Phường Trung Tâm Cà Mau,HUB065
L2_309,L1_33,Quận 1,HUB065
L2_310,L1_33,Quận 2,HUB065
L2_311,L1_33,Huyện Ngoại Ô,HUB065
