Order_ID,Hub_ID,Arrival,Departure
ORD001,HUB019,2026-04-28 08:52:40,2026-04-28 10:52:40
ORD001,HUB002,2026-04-28 16:52:40,
ORD002,HUB011,2026-05-05 08:52:40,
ORD003,HUB003,2026-05-05 08:52:40,2026-05-05 10:52:40
ORD004,HUB017,2026-04-29 08:52:40,2026-04-29 10:52:40
ORD004,HUB021,2026-04-29 16:52:40,
ORD005,HUB002,2026-05-02 08:52:40,2026-05-02 10:52:40
ORD006,HUB009,2026-04-29 08:52:40,2026-04-29 10:52:40
ORD006,HUB015,2026-04-29 16:52:40,
ORD007,HUB029,2026-05-03 08:52:40,
ORD008,HUB003,2026-04-27 08:52:40,2026-04-27 10:52:40
ORD009,HUB044,2026-04-29 08:52:40,2026-04-29 10:52:40
ORD009,HUB024,2026-04-29 16:52:40,
ORD010,HUB063,2026-05-03 08:52:40,2026-05-03 10:52:40
ORD010,HUB060,2026-05-03 16:52:40,
ORD012,HUB003,2026-05-03 08:52:40,2026-05-03 10:52:40
ORD013,HUB000,2026-05-04 08:52:40,2026-05-04 10:52:40
ORD015,HUB060,2026-04-30 08:52:40,2026-04-30 10:52:40
ORD015,HUB030,2026-04-30 16:52:40,
ORD016,HUB000,2026-05-04 08:52:40,
ORD018,HUB021,2026-04-26 08:52:40,
ORD019,HUB000,2026-04-27 08:52:40,2026-04-27 10:52:40
ORD022,HUB065,2026-04-29 08:52:40,
ORD023,HUB010,2026-04-29 08:52:40,2026-04-29 10:52:40
ORD025,HUB041,2026-04-27 08:52:40,
ORD026,HUB000,2026-04-28 08:52:40,
ORD027,HUB000,2026-04-26 08:52:40,
ORD029,HUB036,2026-04-27 08:52:40,2026-04-27 10:52:40
ORD029,HUB003,2026-04-27 16:52:40,
ORD030,HUB022,2026-05-05 08:52:40,
ORD031,HUB027,2026-04-29 08:52:40,2026-04-29 10:52:40
ORD035,HUB026,2026-05-01 08:52:40,
ORD037,HUB050,2026-05-04 08:52:40,2026-05-04 10:52:40
ORD037,HUB019,2026-05-04 16:52:40,
ORD038,HUB038,2026-04-30 08:52:40,2026-04-30 10:52:40
ORD039,HUB063,2026-05-05 08:52:40,2026-05-05 10:52:40
ORD040,HUB015,2026-04-30 08:52:40,2026-04-30 10:52:40
ORD040,HUB000,2026-04-30 16:52:40,
ORD042,HUB022,2026-04-30 08:52:40,
ORD044,HUB000,2026-05-03 08:52:40,2026-05-03 10:52:40
ORD045,HUB022,2026-05-02 08:52:40,
ORD046,HUB015,2026-05-03 08:52:40,2026-05-03 10:52:40
ORD046,HUB043,2026-05-03 16:52:40,
ORD047,HUB027,2026-05-05 08:52:40,2026-05-05 10:52:40
ORD048,HUB015,2026-04-27 08:52:40,
ORD049,HUB033,2026-04-30 08:52:40,2026-04-30 10:52:40
ORD049,HUB024,2026-04-30 16:52:40,
ORD050,HUB017,2026-05-05 08:52:40,
ORD051,HUB007,2026-04-29 08:52:40,2026-04-29 10:52:40
ORD051,HUB000,2026-04-29 16:52:40,
ORD052,HUB000,2026-04-26 08:52:40,2026-04-26 10:52:40
ORD052,HUB065,2026-04-26 16:52:40,
ORD053,HUB015,2026-04-26 08:52:40,2026-04-26 10:52:40
ORD053,HUB020,2026-04-26 16:52:40,
ORD054,HUB024,2026-04-28 08:52:40,2026-04-28 10:52:40
ORD054,HUB001,2026-04-28 16:52:40,
ORD055,HUB011,2026-05-04 08:52:40,
ORD056,HUB028,2026-05-03 08:52:40,2026-05-03 10:52:40
ORD057,HUB000,2026-04-27 08:52:40,2026-04-27 10:52:40
ORD057,HUB063,2026-04-27 16:52:40,
ORD058,HUB049,2026-04-27 08:52:40,2026-04-27 10:52:40
ORD058,HUB044,2026-04-27 16:52:40,
ORD059,HUB000,2026-05-01 08:52:40,
ORD060,HUB000,2026-05-04 08:52:40,
ORD061,HUB014,2026-05-04 08:52:40,2026-05-04 10:52:40
ORD062,HUB019,2026-05-01 08:52:40,
ORD065,HUB004,2026-04-28 08:52:40,2026-04-28 10:52:40
ORD065,HUB022,2026-04-28 16:52:40,
ORD067,HUB052,2026-04-28 08:52:40,2026-04-28 10:52:40
ORD067,HUB060,2026-04-28 16:52:40,
ORD068,HUB006,2026-04-28 08:52:40,2026-04-28 10:52:40
ORD069,HUB001,2026-05-01 08:52:40,2026-05-01 10:52:40
ORD070,HUB000,2026-05-03 08:52:40,2026-05-03 10:52:40
ORD070,HUB007,2026-05-03 16:52:40,
ORD071,HUB000,2026-04-27 08:52:40,2026-04-27 10:52:40
ORD071,HUB017,2026-04-27 16:52:40,
ORD072,HUB029,2026-04-28 08:52:40,
ORD073,HUB000,2026-04-28 08:52:40,2026-04-28 10:52:40
ORD076,HUB014,2026-04-26 08:52:40,2026-04-26 10:52:40
ORD076,HUB021,2026-04-26 16:52:40,
ORD077,HUB000,2026-05-03 08:52:40,2026-05-03 10:52:40
ORD077,HUB008,2026-05-03 16:52:40,
ORD079,HUB026,2026-04-30 08:52:40,2026-04-30 10:52:40
ORD079,HUB024,2026-04-30 16:52:40,
ORD080,HUB064,2026-04-30 08:52:40,2026-04-30 10:52:40
ORD082,HUB023,2026-04-27 08:52:40,2026-04-27 10:52:40
ORD083,HUB022,2026-05-01 08:52:40,
ORD084,HUB000,2026-05-01 08:52:40,
ORD085,HUB024,2026-05-01 08:52:40,2026-05-01 10:52:40
ORD085,HUB007,2026-05-01 16:52:40,
ORD086,HUB022,2026-04-29 08:52:40,
ORD087,HUB011,2026-05-01 08:52:40,2026-05-01 10:52:40
ORD088,HUB026,2026-05-05 08:52:40,2026-05-05 10:52:40
ORD089,HUB003,2026-05-03 08:52:40,2026-05-03 10:52:40
ORD089,HUB061,2026-05-03 16:52:40,
ORD090,HUB041,2026-04-29 08:52:40,2026-04-29 10:52:40
ORD090,HUB064,2026-04-29 16:52:40,
ORD092,HUB024,2026-05-05 08:52:40,
ORD093,HUB023,2026-04-27 08:52:40,2026-04-27 10:52:40
ORD093,HUB029,2026-04-27 16:52:40,
ORD095,HUB049,2026-05-04 08:52:40,
ORD096,HUB049,2026-04-26 08:52:40,2026-04-26 10:52:40
ORD097,HUB023,2026-05-04 08:52:40,
ORD099,HUB003,2026-05-01 08:52:40,2026-05-01 10:52:40
ORD099,HUB022,2026-05-01 16:52:40,
ORD100,HUB022,2026-04-26 08:52:40,2026-04-26 10:52:40
ORD102,HUB003,2026-05-05 08:52:40,2026-05-05 10:52:40
ORD104,HUB022,2026-05-02 08:52:40,2026-05-02 10:52:40
ORD105,HUB015,2026-05-05 08:52:40,2026-05-05 10:52:40
ORD105,HUB000,2026-05-05 16:52:40,
ORD106,HUB010,2026-04-28 08:52:40,
ORD108,HUB024,2026-04-30 08:52:40,
ORD109,HUB002,2026-04-26 08:52:40,2026-04-26 10:52:40
ORD109,HUB001,2026-04-26 16:52:40,
ORD110,HUB032,2026-04-27 08:52:40,2026-04-27 10:52:40
ORD111,HUB000,2026-04-26 08:52:40,
ORD112,HUB059,2026-05-03 08:52:40,2026-05-03 10:52:40
ORD113,HUB052,2026-05-01 08:52:40,2026-05-01 10:52:40
ORD114,HUB025,2026-05-05 08:52:40,
ORD115,HUB023,2026-05-04 08:52:40,2026-05-04 10:52:40
ORD115,HUB029,2026-05-04 16:52:40,
ORD116,HUB044,2026-05-05 08:52:40,2026-05-05 10:52:40
ORD116,HUB063,2026-05-05 16:52:40,
ORD117,HUB022,2026-05-03 08:52:40,2026-05-03 10:52:40
ORD117,HUB010,2026-05-03 16:52:40,
ORD118,HUB041,2026-04-27 08:52:40,2026-04-27 10:52:40
ORD118,HUB000,2026-04-27 16:52:40,
ORD119,HUB024,2026-05-03 08:52:40,
ORD121,HUB000,2026-05-02 08:52:40,2026-05-02 10:52:40
ORD121,HUB024,2026-05-02 16:52:40,
ORD122,HUB003,2026-05-04 08:52:40,2026-05-04 10:52:40
ORD123,HUB003,2026-04-30 08:52:40,
ORD124,HUB001,2026-04-29 08:52:40,2026-04-29 10:52:40
ORD124,HUB019,2026-04-29 16:52:40,
ORD126,HUB008,2026-04-28 08:52:40,2026-04-28 10:52:40
ORD126,HUB003,2026-04-28 16:52:40,
ORD127,HUB017,2026-05-05 08:52:40,2026-05-05 10:52:40
ORD129,HUB003,2026-05-02 08:52:40,
ORD130,HUB015,2026-05-02 08:52:40,2026-05-02 10:52:40
ORD131,HUB055,2026-05-01 08:52:40,2026-05-01 10:52:40
ORD131,HUB010,2026-05-01 16:52:40,
ORD132,HUB058,2026-04-30 08:52:40,
ORD133,HUB038,2026-04-27 08:52:40,2026-04-27 10:52:40
ORD134,HUB053,2026-04-27 08:52:40,2026-04-27 10:52:40
ORD134,HUB018,2026-04-27 16:52:40,
ORD136,HUB023,2026-04-30 08:52:40,2026-04-30 10:52:40
ORD136,HUB001,2026-04-30 16:52:40,
ORD137,HUB000,2026-05-04 08:52:40,2026-05-04 10:52:40
ORD139,HUB000,2026-04-29 08:52:40,2026-04-29 10:52:40
ORD140,HUB028,2026-04-30 08:52:40,2026-04-30 10:52:40
ORD140,HUB024,2026-04-30 16:52:40,
ORD141,HUB020,2026-05-02 08:52:40,2026-05-02 10:52:40
ORD142,HUB000,2026-04-26 08:52:40,2026-04-26 10:52:40
ORD143,HUB000,2026-05-01 08:52:40,2026-05-01 10:52:40
ORD144,HUB021,2026-04-26 08:52:40,2026-04-26 10:52:40
ORD144,HUB049,2026-04-26 16:52:40,
ORD147,HUB052,2026-04-26 08:52:40,2026-04-26 10:52:40
ORD147,HUB003,2026-04-26 16:52:40,
ORD148,HUB003,2026-05-05 08:52:40,2026-05-05 10:52:40
ORD148,HUB036,2026-05-05 16:52:40,
ORD149,HUB030,2026-05-03 08:52:40,2026-05-03 10:52:40
ORD149,HUB049,2026-05-03 16:52:40,
ORD150,HUB063,2026-05-05 08:52:40,2026-05-05 10:52:40
ORD151,HUB023,2026-05-05 08:52:40,
ORD153,HUB041,2026-04-30 08:52:40,2026-04-30 10:52:40
ORD153,HUB033,2026-04-30 16:52:40,
ORD154,HUB003,2026-04-29 08:52:40,2026-04-29 10:52:40
ORD154,HUB001,2026-04-29 16:52:40,
ORD155,HUB000,2026-05-03 08:52:40,
ORD157,HUB022,2026-05-01 08:52:40,2026-05-01 10:52:40
ORD158,HUB000,2026-04-30 08:52:40,2026-04-30 10:52:40
ORD159,HUB019,2026-05-02 08:52:40,
ORD160,HUB000,2026-04-30 08:52:40,2026-04-30 10:52:40
ORD160,HUB003,2026-04-30 16:52:40,
ORD161,HUB024,2026-05-02 08:52:40,
ORD164,HUB003,2026-04-30 08:52:40,
ORD166,HUB048,2026-05-04 08:52:40,
ORD168,HUB065,2026-04-28 08:52:40,
ORD170,HUB010,2026-05-04 08:52:40,2026-05-04 10:52:40
ORD171,HUB018,2026-04-27 08:52:40,
ORD174,HUB003,2026-04-28 08:52:40,2026-04-28 10:52:40
ORD174,HUB023,2026-04-28 16:52:40,
ORD175,HUB027,2026-04-27 08:52:40,2026-04-27 10:52:40
ORD176,HUB013,2026-05-01 08:52:40,2026-05-01 10:52:40
ORD177,HUB007,2026-04-26 08:52:40,
ORD178,HUB003,2026-04-30 08:52:40,2026-04-30 10:52:40
ORD179,HUB015,2026-05-01 08:52:40,2026-05-01 10:52:40
ORD180,HUB000,2026-05-04 08:52:40,2026-05-04 10:52:40
ORD181,HUB027,2026-04-26 08:52:40,2026-04-26 10:52:40
ORD183,HUB013,2026-04-27 08:52:40,
ORD184,HUB000,2026-05-01 08:52:40,2026-05-01 10:52:40
ORD185,HUB000,2026-04-26 08:52:40,
ORD186,HUB062,2026-04-27 08:52:40,2026-04-27 10:52:40
ORD187,HUB060,2026-04-26 08:52:40,2026-04-26 10:52:40
ORD189,HUB004,2026-04-27 08:52:40,
ORD190,HUB055,2026-04-27 08:52:40,2026-04-27 10:52:40
ORD193,HUB019,2026-05-02 08:52:40,2026-05-02 10:52:40
ORD193,HUB003,2026-05-02 16:52:40,
ORD195,HUB023,2026-05-04 08:52:40,2026-05-04 10:52:40
ORD195,HUB000,2026-05-04 16:52:40,
ORD196,HUB021,2026-04-27 08:52:40,2026-04-27 10:52:40
ORD197,HUB028,2026-05-03 08:52:40,2026-05-03 10:52:40
ORD198,HUB009,2026-05-01 08:52:40,2026-05-01 10:52:40
ORD200,HUB023,2026-05-01 08:52:40,
