Voucher_ID,Value,Remain_Uses,Visible,Expire
VOUCHER01,40000,78,1,2026-12-31 23:59:59
VOUCHER02,40000,91,1,2026-12-31 23:59:59
VOUCHER03,40000,62,1,2026-12-31 23:59:59
VOUCHER04,20000,78,1,2026-12-31 23:59:59
VOUCHER05,10000,26,1,2026-12-31 23:59:59
VOUCHER06,10000,13,1,2026-12-31 23:59:59
VOUCHER07,10000,34,1,2026-12-31 23:59:59
VOUCHER08,40000,15,1,2026-12-31 23:59:59
VOUCHER09,30000,49,1,2026-12-31 23:59:59
VOUCHER10,20000,73,1,2026-12-31 23:59:59
VOUCHER11,30000,36,1,2026-12-31 23:59:59
VOUCHER12,20000,92,1,2026-12-31 23:59:59
VOUCHER13,30000,70,1,2026-12-31 23:59:59
VOUCHER14,40000,27,1,2026-12-31 23:59:59
